{"count":1,"self":347.3629696,"total":347.5526215,"children":{"InitializeActuators":{"count":5,"self":0.00099899999999999989,"total":0.00099899999999999989,"children":null},"InitializeSensors":{"count":5,"self":0.0015052,"total":0.0015052,"children":null},"AgentSendState":{"count":10356,"self":0.0172094,"total":0.030833799999999998,"children":{"CollectObservations":{"count":303,"self":0.0015038999999999999,"total":0.0015038999999999999,"children":null},"WriteActionMask":{"count":303,"self":0.00099969999999999985,"total":0.00099969999999999985,"children":null},"RequestDecision":{"count":303,"self":0.0111208,"total":0.0111208,"children":null}}},"DecideAction":{"count":10356,"self":0.1245887,"total":0.1245887,"children":null},"AgentAct":{"count":10356,"self":0.031733899999999995,"total":0.031733899999999995,"children":null}},"gauges":{"BallAgent.CumulativeReward":{"count":4,"max":0.8209998,"min":-0.102996014,"runningAverage":0.264254332,"value":0.3270048,"weightedAverage":0.4158783}},"metadata":{"timer_format_version":"0.1.0","start_time_seconds":"1749461282","unity_version":"6000.0.36f1","command_line_arguments":"C:\\Program Files\\Unity\\Hub\\Editor\\6000.0.36f1\\Editor\\Unity.exe -projectpath C:\\Users\\daand\\Desktop\\school\\vr experience\\tyet\\project-vr-experience-Youssef-EH\\eindopdracht -useHub -hubIPC -cloudEnvironment production","communication_protocol_version":"1.5.0","com.unity.ml-agents_version":"3.0.0","scene_name":"StartMenuScene","end_time_seconds":"1749461629"}}