{
    "name": "root",
    "gauges": {
        "BallAgent.Policy.Entropy.mean": {
            "value": 0.3608218729496002,
            "min": 0.3608218729496002,
            "max": 0.46611788868904114,
            "count": 42
        },
        "BallAgent.Policy.Entropy.sum": {
            "value": 3517.291748046875,
            "min": 3517.291748046875,
            "max": 4643.14208984375,
            "count": 42
        },
        "BallAgent.Environment.EpisodeLength.mean": {
            "value": 55.07909604519774,
            "min": 48.80921052631579,
            "max": 67.32432432432432,
            "count": 42
        },
        "BallAgent.Environment.EpisodeLength.sum": {
            "value": 9749.0,
            "min": 7303.0,
            "max": 9972.0,
            "count": 42
        },
        "BallAgent.Step.mean": {
            "value": 3549927.0,
            "min": 3139998.0,
            "max": 3549927.0,
            "count": 42
        },
        "BallAgent.Step.sum": {
            "value": 3549927.0,
            "min": 3139998.0,
            "max": 3549927.0,
            "count": 42
        },
        "BallAgent.Policy.ExtrinsicValueEstimate.mean": {
            "value": 0.520342230796814,
            "min": 0.3686191141605377,
            "max": 0.5378243923187256,
            "count": 42
        },
        "BallAgent.Policy.ExtrinsicValueEstimate.sum": {
            "value": 92.10057067871094,
            "min": 44.50670623779297,
            "max": 101.87998962402344,
            "count": 42
        },
        "BallAgent.Environment.CumulativeReward.mean": {
            "value": 0.3723163853930888,
            "min": -0.920511361042207,
            "max": 0.46477124172877643,
            "count": 42
        },
        "BallAgent.Environment.CumulativeReward.sum": {
            "value": 65.90000021457672,
            "min": -162.00999954342842,
            "max": 71.10999998450279,
            "count": 42
        },
        "BallAgent.Policy.ExtrinsicReward.mean": {
            "value": 0.3723163853930888,
            "min": -0.920511361042207,
            "max": 0.46477124172877643,
            "count": 42
        },
        "BallAgent.Policy.ExtrinsicReward.sum": {
            "value": 65.90000021457672,
            "min": -162.00999954342842,
            "max": 71.10999998450279,
            "count": 42
        },
        "BallAgent.IsTraining.mean": {
            "value": 1.0,
            "min": 1.0,
            "max": 1.0,
            "count": 42
        },
        "BallAgent.IsTraining.sum": {
            "value": 1.0,
            "min": 1.0,
            "max": 1.0,
            "count": 42
        },
        "BallAgent.Losses.PolicyLoss.mean": {
            "value": 0.023375464121345432,
            "min": 0.020619683764334696,
            "max": 0.0282601296676512,
            "count": 20
        },
        "BallAgent.Losses.PolicyLoss.sum": {
            "value": 0.023375464121345432,
            "min": 0.020619683764334696,
            "max": 0.0282601296676512,
            "count": 20
        },
        "BallAgent.Losses.ValueLoss.mean": {
            "value": 0.03180862307548523,
            "min": 0.02447150656953454,
            "max": 0.03840683970600366,
            "count": 20
        },
        "BallAgent.Losses.ValueLoss.sum": {
            "value": 0.03180862307548523,
            "min": 0.02447150656953454,
            "max": 0.03840683970600366,
            "count": 20
        },
        "BallAgent.Policy.LearningRate.mean": {
            "value": 0.00019368387543872007,
            "min": 0.00019368387543872007,
            "max": 0.00020541429152858,
            "count": 20
        },
        "BallAgent.Policy.LearningRate.sum": {
            "value": 0.00019368387543872007,
            "min": 0.00019368387543872007,
            "max": 0.00020541429152858,
            "count": 20
        },
        "BallAgent.Policy.Epsilon.mean": {
            "value": 0.16456128000000003,
            "min": 0.16456128000000003,
            "max": 0.16847141999999996,
            "count": 20
        },
        "BallAgent.Policy.Epsilon.sum": {
            "value": 0.16456128000000003,
            "min": 0.16456128000000003,
            "max": 0.16847141999999996,
            "count": 20
        },
        "BallAgent.Policy.Beta.mean": {
            "value": 0.00032635027200000015,
            "min": 0.00032635027200000015,
            "max": 0.000345509958,
            "count": 20
        },
        "BallAgent.Policy.Beta.sum": {
            "value": 0.00032635027200000015,
            "min": 0.00032635027200000015,
            "max": 0.000345509958,
            "count": 20
        }
    },
    "metadata": {
        "timer_format_version": "0.1.0",
        "start_time_seconds": "1749371507",
        "python_version": "3.9.21 (main, Dec 11 2024, 16:35:24) [MSC v.1929 64 bit (AMD64)]",
        "command_line_arguments": "C:\\Users\\daand\\anaconda3\\envs\\python_3_9\\Scripts\\mlagents-learn Config/BallAgent.yaml --run-id=BallAgent --resume",
        "mlagents_version": "0.30.0",
        "mlagents_envs_version": "0.30.0",
        "communication_protocol_version": "1.5.0",
        "pytorch_version": "1.7.1+cu110",
        "numpy_version": "1.21.2",
        "end_time_seconds": "1749373006"
    },
    "total": 1499.2918628,
    "count": 1,
    "self": 0.005986699999994016,
    "children": {
        "run_training.setup": {
            "total": 0.11494570000000004,
            "count": 1,
            "self": 0.11494570000000004
        },
        "TrainerController.start_learning": {
            "total": 1499.1709304,
            "count": 1,
            "self": 1.8920910999991065,
            "children": {
                "TrainerController._reset_env": {
                    "total": 7.934668200000001,
                    "count": 1,
                    "self": 7.934668200000001
                },
                "TrainerController.advance": {
                    "total": 1489.2786565000013,
                    "count": 111286,
                    "self": 1.6271336999868709,
                    "children": {
                        "env_step": {
                            "total": 1364.5560558000116,
                            "count": 111286,
                            "self": 1014.5959484000236,
                            "children": {
                                "SubprocessEnvManager._take_step": {
                                    "total": 348.69223229998636,
                                    "count": 111288,
                                    "self": 4.749506099979499,
                                    "children": {
                                        "TorchPolicy.evaluate": {
                                            "total": 343.94272620000686,
                                            "count": 105248,
                                            "self": 343.94272620000686
                                        }
                                    }
                                },
                                "workers": {
                                    "total": 1.2678751000015804,
                                    "count": 111285,
                                    "self": 0.0,
                                    "children": {
                                        "worker_root": {
                                            "total": 1462.419495199983,
                                            "count": 111285,
                                            "is_parallel": true,
                                            "self": 568.451508899959,
                                            "children": {
                                                "steps_from_proto": {
                                                    "total": 0.0043590999999967295,
                                                    "count": 3,
                                                    "is_parallel": true,