{
    "name": "root",
    "gauges": {
        "BallAgent.Policy.Entropy.mean": {
            "value": 0.4704127609729767,
            "min": 0.4704127609729767,
            "max": 0.7220563888549805,
            "count": 203
        },
        "BallAgent.Policy.Entropy.sum": {
            "value": 4695.66015625,
            "min": 4573.8017578125,
            "max": 7578.7041015625,
            "count": 203
        },
        "BallAgent.Environment.EpisodeLength.mean": {
            "value": 162.8360655737705,
            "min": 113.31395348837209,
            "max": 201.72,
            "count": 203
        },
        "BallAgent.Environment.EpisodeLength.sum": {
            "value": 9933.0,
            "min": 8379.0,
            "max": 10585.0,
            "count": 203
        },
        "BallAgent.Step.mean": {
            "value": 4289949.0,
            "min": 2269874.0,
            "max": 4289949.0,
            "count": 203
        },
        "BallAgent.Step.sum": {
            "value": 4289949.0,
            "min": 2269874.0,
            "max": 4289949.0,
            "count": 203
        },
        "BallAgent.Policy.ExtrinsicValueEstimate.mean": {
            "value": -0.35139933228492737,
            "min": -0.540605902671814,
            "max": 0.038059718906879425,
            "count": 203
        },
        "BallAgent.Policy.ExtrinsicValueEstimate.sum": {
            "value": -21.435359954833984,
            "min": -29.73332405090332,
            "max": 3.0447776317596436,
            "count": 203
        },
        "BallAgent.Environment.CumulativeReward.mean": {
            "value": -1.1083606657434681,
            "min": -1.7654902578568925,
            "max": -0.4777272885495966,
            "count": 203
        },
        "BallAgent.Environment.CumulativeReward.sum": {
            "value": -67.61000061035156,
            "min": -95.9700026512146,
            "max": -40.350001752376556,
            "count": 203
        },
        "BallAgent.Policy.ExtrinsicReward.mean": {
            "value": -1.1083606657434681,
            "min": -1.7654902578568925,
            "max": -0.4777272885495966,
            "count": 203
        },
        "BallAgent.Policy.ExtrinsicReward.sum": {
            "value": -67.61000061035156,
            "min": -95.9700026512146,
            "max": -40.350001752376556,
            "count": 203
        },
        "BallAgent.IsTraining.mean": {
            "value": 1.0,
            "min": 1.0,
            "max": 1.0,
            "count": 203
        },
        "BallAgent.IsTraining.sum": {
            "value": 1.0,
            "min": 1.0,
            "max": 1.0,
            "count": 203
        },
        "BallAgent.Losses.PolicyLoss.mean": {
            "value": 0.025228433673037218,
            "min": 0.020184518616297283,
            "max": 0.028126466227404306,
            "count": 98
        },
        "BallAgent.Losses.PolicyLoss.sum": {
            "value": 0.025228433673037218,
            "min": 0.020184518616297283,
            "max": 0.028126466227404306,
            "count": 98
        },
        "BallAgent.Losses.ValueLoss.mean": {
            "value": 0.052915885597467426,
            "min": 0.041314731240272524,
            "max": 0.059974943734705445,
            "count": 98
        },
        "BallAgent.Losses.ValueLoss.sum": {
            "value": 0.052915885597467426,
            "min": 0.041314731240272524,
            "max": 0.059974943734705445,
            "count": 98
        },
        "BallAgent.Policy.LearningRate.mean": {
            "value": 0.00017162410279197997,
            "min": 0.00017162410279197997,
            "max": 0.0002315373228209,
            "count": 98
        },
        "BallAgent.Policy.LearningRate.sum": {
            "value": 0.00017162410279197997,
            "min": 0.00017162410279197997,
            "max": 0.0002315373228209,
            "count": 98
        },
        "BallAgent.Policy.Epsilon.mean": {
            "value": 0.15720802000000006,
            "min": 0.15720802000000006,
            "max": 0.1771791,
            "count": 98
        },
        "BallAgent.Policy.Epsilon.sum": {
            "value": 0.15720802000000006,
            "min": 0.15720802000000006,
            "max": 0.1771791,
            "count": 98
        },
        "BallAgent.Policy.Beta.mean": {
            "value": 0.000290319298,
            "min": 0.000290319298,
            "max": 0.00038817758999999994,
            "count": 98
        },
        "BallAgent.Policy.Beta.sum": {
            "value": 0.000290319298,
            "min": 0.000290319298,
            "max": 0.00038817758999999994,
            "count": 98
        }
    },
    "metadata": {
        "timer_format_version": "0.1.0",
        "start_time_seconds": "1749301530",
        "python_version": "3.9.21 (main, Dec 11 2024, 16:35:24) [MSC v.1929 64 bit (AMD64)]",
        "command_line_arguments": "C:\\Users\\daand\\anaconda3\\envs\\python_3_9\\Scripts\\mlagents-learn Config/BallAgent.yaml --run-id=BallAgent --resume",
        "mlagents_version": "0.30.0",
        "mlagents_envs_version": "0.30.0",
        "communication_protocol_version": "1.5.0",
        "pytorch_version": "1.7.1+cu110",
        "numpy_version": "1.21.2",
        "end_time_seconds": "1749305564"
    },
    "total": 4034.4818812999997,
    "count": 1,
    "self": 0.00458669999943595,
    "children": {
        "run_training.setup": {
            "total": 0.1118323000000001,
            "count": 1,
            "self": 0.1118323000000001
        },
        "TrainerController.start_learning": {
            "total": 4034.3654623,
            "count": 1,
            "self": 5.613257199941472,
            "children": {
                "TrainerController._reset_env": {
                    "total": 7.213480999999999,
                    "count": 1,
                    "self": 7.213480999999999
                },
                "TrainerController.advance": {
                    "total": 4021.4680062000593,
                    "count": 289164,
                    "self": 4.468569100128207,
                    "children": {
                        "env_step": {
                            "total": 3467.8556032000133,
                            "count": 289164,
                            "self": 2659.287496600002,
                            "children": {
                                "SubprocessEnvManager._take_step": {
                                    "total": 805.1247785000796,
                                    "count": 289166,
                                    "self": 13.194083699965972,
                                    "children": {
                                        "TorchPolicy.evaluate": {
                                            "total": 791.9306948001137,
                                            "count": 277864,
                                            "self": 791.9306948001137
                                        }
                                    }
                                },
                                "workers": {
                                    "total": 3.4433280999314366,
                                    "count": 289163,
                                    "self": 0.0,
                                    "children": {
                                        "worker_root": {
                                            "total": 3980.018268000061,
                                            "count": 289163,
                                            "is_parallel": true,
                                            "self": 1627.493128200108,
                                            "children": {
                                                "steps_from_proto": {
                                                    "total": 0.0011847000000013708,
                                                    "count": 3,
                                                    "is_parallel": true,