{
    "name": "root",
    "gauges": {
        "BallAgent.Policy.Entropy.mean": {
            "value": 1.2238085269927979,
            "min": 1.2238085269927979,
            "max": 1.4553571939468384,
            "count": 69
        },
        "BallAgent.Policy.Entropy.sum": {
            "value": 12321.3046875,
            "min": 11616.4990234375,
            "max": 18278.763671875,
            "count": 69
        },
        "BallAgent.Environment.EpisodeLength.mean": {
            "value": 48.82089552238806,
            "min": 48.82089552238806,
            "max": 1965.8333333333333,
            "count": 69
        },
        "BallAgent.Environment.EpisodeLength.sum": {
            "value": 9813.0,
            "min": 5981.0,
            "max": 14553.0,
            "count": 69
        },
        "BallAgent.Step.mean": {
            "value": 689990.0,
            "min": 9422.0,
            "max": 689990.0,
            "count": 69
        },
        "BallAgent.Step.sum": {
            "value": 689990.0,
            "min": 9422.0,
            "max": 689990.0,
            "count": 69
        },
        "BallAgent.Policy.ExtrinsicValueEstimate.mean": {
            "value": 0.796563982963562,
            "min": -2.0715482234954834,
            "max": 0.796563982963562,
            "count": 69
        },
        "BallAgent.Policy.ExtrinsicValueEstimate.sum": {
            "value": 160.10935974121094,
            "min": -69.99932098388672,
            "max": 160.10935974121094,
            "count": 69
        },
        "BallAgent.Environment.CumulativeReward.mean": {
            "value": 0.9302487684719598,
            "min": -77.58166595300038,
            "max": 0.9411049832625943,
            "count": 69
        },
        "BallAgent.Environment.CumulativeReward.sum": {
            "value": 186.98000246286392,
            "min": -772.8900218605995,
            "max": 186.98000246286392,
            "count": 69
        },
        "BallAgent.Policy.ExtrinsicReward.mean": {
            "value": 0.9302487684719598,
            "min": -77.58166595300038,
            "max": 0.9411049832625943,
            "count": 69
        },
        "BallAgent.Policy.ExtrinsicReward.sum": {
            "value": 186.98000246286392,
            "min": -772.8900218605995,
            "max": 186.98000246286392,
            "count": 69
        },
        "BallAgent.IsTraining.mean": {
            "value": 1.0,
            "min": 1.0,
            "max": 1.0,
            "count": 69
        },
        "BallAgent.IsTraining.sum": {
            "value": 1.0,
            "min": 1.0,
            "max": 1.0,
            "count": 69
        },
        "BallAgent.Losses.PolicyLoss.mean": {
            "value": 0.02467359541769838,
            "min": 0.02009783993184101,
            "max": 0.029245044540730306,
            "count": 33
        },
        "BallAgent.Losses.PolicyLoss.sum": {
            "value": 0.02467359541769838,
            "min": 0.02009783993184101,
            "max": 0.029245044540730306,
            "count": 33
        },
        "BallAgent.Losses.ValueLoss.mean": {
            "value": 0.006996345333755016,
            "min": 0.006996345333755016,
            "max": 1.2780256414413451,
            "count": 33
        },
        "BallAgent.Losses.ValueLoss.sum": {
            "value": 0.006996345333755016,
            "min": 0.006996345333755016,
            "max": 1.2780256414413451,
            "count": 33
        },
        "BallAgent.Policy.LearningRate.mean": {
            "value": 0.00025898857367048,
            "min": 0.00025898857367048,
            "max": 0.0002987155804281401,
            "count": 33
        },
        "BallAgent.Policy.LearningRate.sum": {
            "value": 0.00025898857367048,
            "min": 0.00025898857367048,
            "max": 0.0002987155804281401,
            "count": 33
        },
        "BallAgent.Policy.Epsilon.mean": {
            "value": 0.1863295200000001,
            "min": 0.1863295200000001,
            "max": 0.19957185999999996,
            "count": 33
        },
        "BallAgent.Policy.Epsilon.sum": {
            "value": 0.1863295200000001,
            "min": 0.1863295200000001,
            "max": 0.19957185999999996,
            "count": 33
        },
        "BallAgent.Policy.Beta.mean": {
            "value": 0.000433014648,
            "min": 0.000433014648,
            "max": 0.000497902114,
            "count": 33
        },
        "BallAgent.Policy.Beta.sum": {
            "value": 0.000433014648,
            "min": 0.000433014648,
            "max": 0.000497902114,
            "count": 33
        }
    },
    "metadata": {
        "timer_format_version": "0.1.0",
        "start_time_seconds": "1749061270",
        "python_version": "3.9.21 (main, Dec 11 2024, 16:35:24) [MSC v.1929 64 bit (AMD64)]",
        "command_line_arguments": "C:\\Users\\daand\\anaconda3\\envs\\python_3_9\\Scripts\\mlagents-learn Config/BallAgent.yaml --run-id=BallAgent --force",
        "mlagents_version": "0.30.0",
        "mlagents_envs_version": "0.30.0",
        "communication_protocol_version": "1.5.0",
        "pytorch_version": "1.7.1+cu110",
        "numpy_version": "1.21.2",
        "end_time_seconds": "1749062938"
    },
    "total": 1667.171721,
    "count": 1,
    "self": 0.004308099999889237,
    "children": {
        "run_training.setup": {
            "total": 0.08908009999999988,
            "count": 1,
            "self": 0.08908009999999988
        },
        "TrainerController.start_learning": {
            "total": 1667.0783328,
            "count": 1,
            "self": 2.4942769000144835,
            "children": {
                "TrainerController._reset_env": {
                    "total": 7.7838897000000005,
                    "count": 1,
                    "self": 7.7838897000000005
                },
                "TrainerController.advance": {
                    "total": 1656.7300137999855,
                    "count": 120599,
                    "self": 1.8862133000261565,
                    "children": {
                        "env_step": {
                            "total": 1450.6604378999855,
                            "count": 120599,
                            "self": 1067.6695339999276,
                            "children": {
                                "SubprocessEnvManager._take_step": {
                                    "total": 381.492837600036,
                                    "count": 120599,
                                    "self": 6.017846700044629,
                                    "children": {
                                        "TorchPolicy.evaluate": {
                                            "total": 375.4749908999914,
                                            "count": 115381,
                                            "self": 375.4749908999914
                                        }
                                    }
                                },
                                "workers": {
                                    "total": 1.4980663000218772,
                                    "count": 120598,
                                    "self": 0.0,
                                    "children": {
                                        "worker_root": {
                                            "total": 1657.5497349000027,
                                            "count": 120598,
                                            "is_parallel": true,
                                            "self": 701.4456262999535,
                                            "children": {
                                                "steps_from_proto": {
                                                    "total": 0.00045189999999983854,
                                                    "count": 1,
                                                    "is_parallel": true,